match_id,match,team,name,overs,maidens,runs,wickets,economy,dots,fours,sixes,wides,no_balls
1,USA vs Canada,Canada,Ali Khan,4,0,41,1,10.25,11,5,2,2,0
1,USA vs Canada,Canada,Saurabh Netravalkar,2,0,16,0,8,3,2,0,0,0
1,USA vs Canada,Canada,Harmeet Singh,4,0,27,1,6.75,11,3,1,0,0
1,USA vs Canada,Canada,Jasdeep Singh,3,0,24,0,8,7,4,0,0,0
1,USA vs Canada,Canada,Shadley van Schalkwyk,3,0,34,0,11.33,1,1,2,0,0
1,USA vs Canada,Canada,Steven Taylor,1,0,15,0,15,1,0,2,0,0
1,USA vs Canada,Canada,Corey Anderson,3,0,29,1,9.66,4,2,1,0,0
1,USA vs Canada,United States Of America,Kaleem Sana,4,0,34,1,8.5,9,4,0,3,0
1,USA vs Canada,United States Of America,Jeremy Gordon,3,0,44,0,14.66,7,4,3,3,2
1,USA vs Canada,United States Of America,Dilon Heyliger,3,0,19,1,6.33,9,0,1,2,0
1,USA vs Canada,United States Of America,Saad Bin Zafar,4,0,42,0,10.5,9,2,4,0,0
1,USA vs Canada,United States Of America,Nikhil Dutta,2.4,0,41,1,15.37,5,2,4,2,1
1,USA vs Canada,United States Of America,Pargat Singh,1,0,15,0,15,0,1,1,0,0
2,West Indies vs PNG,Papua New Guinea,Akeal Hosein,3,0,9,1,3,13,1,0,0,0
2,West Indies vs PNG,Papua New Guinea,Romario Shepherd,3,0,23,1,7.66,5,1,0,1,0
2,West Indies vs PNG,Papua New Guinea,Andre Russell,3,0,19,2,6.33,8,2,0,1,0
2,West Indies vs PNG,Papua New Guinea,Roston Chase,4,0,26,0,6.5,11,1,1,3,0
2,West Indies vs PNG,Papua New Guinea,Alzarri Joseph,4,0,34,2,8.5,11,5,0,1,1
2,West Indies vs PNG,Papua New Guinea,Gudakesh Motie,3,0,24,1,8,7,2,1,0,0
2,West Indies vs PNG,West Indies,Kabua Morea,3,0,30,0,10,7,6,0,0,0
2,West Indies vs PNG,West Indies,Alei Nao,2,1,9,1,4.5,9,2,0,0,0
2,West Indies vs PNG,West Indies,Chad Soper,3,0,19,1,6.33,8,2,0,0,0
2,West Indies vs PNG,West Indies,Sese Bau,1,0,18,0,18,1,1,2,0,0
2,West Indies vs PNG,West Indies,John Kariko,4,0,17,1,4.25,15,0,1,0,0
2,West Indies vs PNG,West Indies,Assad Vala,4,1,28,2,7,11,3,1,0,0
2,West Indies vs PNG,West Indies,Charles Amini,2,0,14,0,7,3,0,1,0,0
3,Oman vs Namibia,Oman,Ruben Trumpelmann,4,0,21,4,5.25,12,2,0,0,1
3,Oman vs Namibia,Oman,David Wiese,3.4,0,28,3,7.63,11,4,1,0,0
3,Oman vs Namibia,Oman,Tangeni Lungameni,4,0,18,0,4.5,14,2,0,1,0
3,Oman vs Namibia,Oman,Bernard Scholtz,4,0,20,1,5,11,0,1,1,0
3,Oman vs Namibia,Oman,Gerhard Erasmus,4,0,20,2,5,9,1,0,0,0
3,Oman vs Namibia,Namibia,Bilal Khan,4,0,25,1,6.25,11,2,1,1,0
3,Oman vs Namibia,Namibia,Shakeel Ahmed,3,0,20,0,6.66,10,4,0,0,0
3,Oman vs Namibia,Namibia,Kaleemullah,2,0,10,0,5,7,1,0,0,0
3,Oman vs Namibia,Namibia,Aqib Ilyas,4,1,17,1,4.25,15,1,1,0,0
3,Oman vs Namibia,Namibia,Mehran Khan,3,1,7,3,2.33,12,0,0,0,0
3,Oman vs Namibia,Namibia,Zeeshan Maqsood,2,0,12,0,6,4,1,0,0,0
3,Oman vs Namibia,Namibia,Ayaan Khan,2,0,12,1,6,6,1,0,1,0
4,Sri Lanka vs South Africa,Sri Lanka,Marco Jansen,3.1,0,15,0,4.73,11,0,1,1,0
4,Sri Lanka vs South Africa,Sri Lanka,Kagiso Rabada,4,1,21,2,5.25,15,2,1,1,0
4,Sri Lanka vs South Africa,Sri Lanka,Ottneil Baartman,4,1,9,1,2.25,20,1,0,1,0
4,Sri Lanka vs South Africa,Sri Lanka,Keshav Maharaj,4,0,22,2,5.5,10,0,1,0,0
4,Sri Lanka vs South Africa,Sri Lanka,Anrich Nortje,4,0,7,4,1.75,18,0,0,0,0
4,Sri Lanka vs South Africa,South Africa,Angelo Mathews,3,0,16,0,5.33,11,1,1,1,0
4,Sri Lanka vs South Africa,South Africa,Nuwan Thushara,3,0,18,1,6,8,0,1,0,1
4,Sri Lanka vs South Africa,South Africa,Dasun Shanaka,3,1,6,1,2,12,0,0,0,0
4,Sri Lanka vs South Africa,South Africa,Matheesha Pathirana,3,0,12,0,4,8,0,0,1,0
4,Sri Lanka vs South Africa,South Africa,Wanindu Hasaranga,3.2,0,22,2,6.6,10,2,1,0,0
4,Sri Lanka vs South Africa,South Africa,Maheesh Theekshana,1,0,3,0,3,3,0,0,0,0
5,Afghanistan vs Uganda,Afghanistan,Alpesh Ramjani,4,0,33,1,8.25,9,0,2,0,0
5,Afghanistan vs Uganda,Afghanistan,Cosmas Kyewuta,4,0,25,2,6.25,9,2,0,0,0
5,Afghanistan vs Uganda,Afghanistan,Dinesh Nakrani,3,0,37,0,12.33,2,6,0,0,0
5,Afghanistan vs Uganda,Afghanistan,Bilal Hassan,2,0,34,0,17,3,4,1,1,1
5,Afghanistan vs Uganda,Afghanistan,Henry Ssenyondo,2,0,19,0,9.5,4,0,2,1,0
5,Afghanistan vs Uganda,Afghanistan,Riazat Ali Shah,1,0,11,0,11,1,1,0,0,0
5,Afghanistan vs Uganda,Afghanistan,Brian Masaba,4,0,21,2,5.25,8,0,0,0,0
5,Afghanistan vs Uganda,Uganda,Fazalhaq Farooqi,4,0,9,5,2.25,18,1,0,0,0
5,Afghanistan vs Uganda,Uganda,Mujeeb Ur Rahman,3,0,16,1,5.33,13,2,0,1,0
5,Afghanistan vs Uganda,Uganda,NaveenulHaq,2,0,4,2,2,9,0,0,1,0
5,Afghanistan vs Uganda,Uganda,Azmatullah Omarzai,2,0,7,0,3.5,8,0,0,1,0
5,Afghanistan vs Uganda,Uganda,Rashid Khan,4,0,12,2,3,16,1,0,0,0
5,Afghanistan vs Uganda,Uganda,Mohammad Nabi,1,0,8,0,8,3,0,1,0,0
6,Scotland vs England,Scotland,Mark Wood,2,0,11,0,5.5,7,1,0,1,1
6,Scotland vs England,Scotland,Jofra Archer,2,0,12,0,6,6,1,0,0,0
6,Scotland vs England,Scotland,Moeen Ali,2,0,15,0,7.5,3,2,0,0,0
6,Scotland vs England,Scotland,Chris Jordan,2,0,24,0,12,5,2,2,0,0
6,Scotland vs England,Scotland,Adil Rashid,2,0,26,0,13,2,2,2,0,0
7,Nepal vs Netherlands,Nepal,Vivian Kingma,4,0,23,0,5.75,15,4,0,2,0
7,Nepal vs Netherlands,Nepal,Tim Pringle,4,0,20,3,5,13,1,1,0,0
7,Nepal vs Netherlands,Nepal,Logan van Beek,3.2,0,18,3,5.4,14,2,1,0,0
7,Nepal vs Netherlands,Nepal,Paul van Meekeren,4,0,19,2,4.75,12,2,0,1,0
7,Nepal vs Netherlands,Nepal,Bas de Leede,4,1,22,2,5.5,12,1,1,1,0
7,Nepal vs Netherlands,Netherlands,Karan KC,3,0,17,0,5.66,10,3,0,0,0
7,Nepal vs Netherlands,Netherlands,Sompal Kami,4,0,18,1,4.5,12,2,0,0,0
7,Nepal vs Netherlands,Netherlands,Gulsan Jha,2,0,17,0,8.5,2,2,0,0,1
7,Nepal vs Netherlands,Netherlands,Dipendra Singh Airee,2,0,6,1,3,7,0,0,0,0
7,Nepal vs Netherlands,Netherlands,Abinash Bohara,3.4,0,29,1,7.9,5,2,1,0,0
7,Nepal vs Netherlands,Netherlands,Sagar Dhakal,4,0,21,0,5.25,8,1,0,0,0
8,Ireland vs India,Ireland,Arshdeep Singh,4,0,35,2,8.75,14,3,1,5,1
8,Ireland vs India,Ireland,Mohammed Siraj,3,0,13,1,4.33,14,2,0,0,0
8,Ireland vs India,Ireland,Jasprit Bumrah,3,1,6,2,2,13,0,0,0,0
8,Ireland vs India,Ireland,Hardik Pandya,4,1,27,3,6.75,14,2,2,0,0
8,Ireland vs India,Ireland,Axar Patel,1,0,3,1,3,3,0,0,0,0
8,Ireland vs India,Ireland,Ravindra Jadeja,1,0,7,0,7,2,1,0,0,0
8,Ireland vs India,India,Mark Adair,4,0,27,1,6.75,13,3,0,3,0
8,Ireland vs India,India,Josh Little,4,0,42,0,10.5,12,2,4,3,0
8,Ireland vs India,India,Barry McCarthy,2.2,0,18,0,7.71,5,1,1,0,0
8,Ireland vs India,India,Curtis Campher,1,0,4,0,4,3,0,0,0,0
8,Ireland vs India,India,Ben White,1,0,6,1,6,3,1,0,0,0
9,PNG vs Uganda,Papua New Guinea,Alpesh Ramjani,4,1,17,2,4.25,16,1,1,0,0
9,PNG vs Uganda,Papua New Guinea,Cosmas Kyewuta,3.1,0,17,2,5.36,9,2,0,0,0
9,PNG vs Uganda,Papua New Guinea,Juma Miyagi,4,0,11,2,2.75,16,0,0,0,1
9,PNG vs Uganda,Papua New Guinea,Brian Masaba,4,0,17,1,4.25,11,1,0,0,0
9,PNG vs Uganda,Papua New Guinea,Frank Nsubuga,4,2,4,2,1,20,0,0,0,0
9,PNG vs Uganda,Uganda,Alei Nao,4,0,16,2,4,16,0,0,3,0
9,PNG vs Uganda,Uganda,Norman Vanua,4,0,19,2,4.75,17,1,0,6,0
9,PNG vs Uganda,Uganda,Chad Soper,4,0,13,1,3.25,14,0,0,1,0
9,PNG vs Uganda,Uganda,Assad Vala,2,0,10,1,5,6,1,0,0,0
9,PNG vs Uganda,Uganda,John Kariko,4,0,18,0,4.5,8,0,0,0,0
9,PNG vs Uganda,Uganda,Charles Amini,0.2,0,2,0,6,1,0,0,0,0
10,Australia vs Oman,Australia,Bilal Khan,4,0,36,1,9,9,4,1,1,1
10,Australia vs Oman,Australia,Kaleemullah,3,0,30,1,10,7,4,1,0,0
10,Australia vs Oman,Australia,Shakeel Ahmed,4,0,28,0,7,10,2,1,0,1
10,Australia vs Oman,Australia,Mehran Khan,4,0,38,2,9.5,12,1,4,0,1
10,Australia vs Oman,Australia,Aqib Ilyas,4,0,18,0,4.5,10,1,0,0,0
10,Australia vs Oman,Australia,Zeeshan Maqsood,1,0,12,0,12,0,2,0,0,0
10,Australia vs Oman,Oman,Mitchell Starc,3,0,20,2,6.66,12,3,0,5,0
10,Australia vs Oman,Oman,Josh Hazlewood,4,0,21,0,5.25,12,1,1,0,0
10,Australia vs Oman,Oman,Nathan Ellis,4,0,28,2,7,9,2,1,1,0
10,Australia vs Oman,Oman,Marcus Stoinis,3,0,19,3,6.33,11,1,1,1,0
10,Australia vs Oman,Oman,Glenn Maxwell,2,0,11,0,5.5,5,1,0,1,0
10,Australia vs Oman,Oman,Adam Zampa,4,0,24,2,6,11,0,2,0,0
11,USA vs Pakistan,Pakistan,Nosthush Kenjige,4,0,30,3,7.5,10,1,2,0,0
11,USA vs Pakistan,Pakistan,Saurabh Netravalkar,4,0,18,2,4.5,13,0,1,0,0
11,USA vs Pakistan,Pakistan,Ali Khan,4,0,30,1,7.5,8,2,1,2,0
11,USA vs Pakistan,Pakistan,Harmeet Singh,4,0,34,0,8.5,9,2,2,1,0
11,USA vs Pakistan,Pakistan,Jasdeep Singh,3,0,37,1,12.33,4,2,3,1,0
11,USA vs Pakistan,Pakistan,Corey Anderson,1,0,6,0,6,3,1,0,0,0
11,USA vs Pakistan,United States Of America,Shaheen Shah Afridi,4,0,33,0,8.25,13,5,1,2,0
11,USA vs Pakistan,United States Of America,Mohammad Amir,4,0,25,1,6.25,12,2,0,3,0
11,USA vs Pakistan,United States Of America,Naseem Shah,4,0,26,1,6.5,9,3,0,2,0
11,USA vs Pakistan,United States Of America,Haris Rauf,4,0,37,1,9.25,9,4,1,1,0
11,USA vs Pakistan,United States Of America,Shadab Khan,3,0,27,0,9,4,0,2,1,0
11,USA vs Pakistan,United States Of America,Iftikhar Ahmed,1,0,10,0,10,2,2,0,0,0
12,Namibia vs Scotland,Namibia,Brad Wheal,4,0,33,3,8.25,8,2,1,1,1
12,Namibia vs Scotland,Namibia,Brad Currie,4,0,16,2,4,12,1,0,0,0
12,Namibia vs Scotland,Namibia,Chris Sole,3,0,23,1,7.66,7,3,0,1,1
12,Namibia vs Scotland,Namibia,Mark Watt,4,0,39,0,9.75,8,4,2,0,0
12,Namibia vs Scotland,Namibia,Chris Greaves,3,0,24,1,8,5,1,1,0,0
12,Namibia vs Scotland,Namibia,Michael Leask,2,0,16,1,8,4,1,1,0,0
12,Namibia vs Scotland,Scotland,Ruben Trumpelmann,4,0,36,1,9,9,1,1,4,1
12,Namibia vs Scotland,Scotland,David Wiese,3.3,0,30,0,8.57,10,1,3,0,0
12,Namibia vs Scotland,Scotland,Tangeni Lungameni,3,0,39,1,13,4,3,2,1,0
12,Namibia vs Scotland,Scotland,Bernard Scholtz,4,0,20,1,5,7,1,0,0,0
12,Namibia vs Scotland,Scotland,Gerhard Erasmus,4,0,29,2,7.25,9,1,1,2,0
13,Canada vs Ireland,Canada,Mark Adair,4,0,23,1,5.75,10,2,0,1,0
13,Canada vs Ireland,Canada,Josh Little,4,0,37,0,9.25,6,4,0,2,0
13,Canada vs Ireland,Canada,Craig Young,4,0,32,2,8,13,3,2,1,0
13,Canada vs Ireland,Canada,Barry McCarthy,4,0,24,2,6,12,4,0,0,0
13,Canada vs Ireland,Canada,Gareth Delany,2,0,10,1,5,5,0,0,0,0
13,Canada vs Ireland,Canada,Curtis Campher,2,0,11,0,5.5,4,0,0,1,0
13,Canada vs Ireland,Ireland,Kaleem Sana,4,0,38,0,9.5,11,4,1,3,0
13,Canada vs Ireland,Ireland,Jeremy Gordon,4,0,16,2,4,14,1,0,1,0
13,Canada vs Ireland,Ireland,Junaid Siddiqui,4,0,27,1,6.75,9,1,1,0,0
13,Canada vs Ireland,Ireland,Saad Bin Zafar,4,0,22,1,5.5,7,0,0,0,0
13,Canada vs Ireland,Ireland,Dilon Heyliger,4,0,18,2,4.5,12,1,0,1,0
14,Afghanistan vs New Zealand,Afghanistan,Trent Boult,4,0,22,2,5.5,12,1,1,0,0
14,Afghanistan vs New Zealand,Afghanistan,Matt Henry,4,0,37,2,9.25,10,3,2,0,0
14,Afghanistan vs New Zealand,Afghanistan,Mitchell Santner,4,0,24,0,6,11,3,0,0,0
14,Afghanistan vs New Zealand,Afghanistan,Michael Bracewell,3,0,27,0,9,6,0,3,0,0
14,Afghanistan vs New Zealand,Afghanistan,Lockie Ferguson,4,0,28,1,7,12,3,1,0,0
14,Afghanistan vs New Zealand,Afghanistan,Daryl Mitchell,1,0,16,0,16,0,0,2,0,0
14,Afghanistan vs New Zealand,New Zealand,Fazalhaq Farooqi,3.2,0,17,4,5.1,15,2,0,3,0
14,Afghanistan vs New Zealand,New Zealand,Mohammad Nabi,4,0,16,2,4,11,0,0,0,0
14,Afghanistan vs New Zealand,New Zealand,NaveenulHaq,3,0,10,0,3.33,12,1,0,0,0
14,Afghanistan vs New Zealand,New Zealand,Rashid Khan,4,0,17,4,4.25,16,2,0,2,0
14,Afghanistan vs New Zealand,New Zealand,Noor Ahmad,1,0,10,0,10,1,0,1,0,0
15,Sri Lanka vs Bangladesh,Sri Lanka,Tanzim Hasan Sakib,4,0,24,1,6,14,2,1,0,0
15,Sri Lanka vs Bangladesh,Sri Lanka,Shakib Al Hasan,3,0,30,0,10,5,4,0,0,0
15,Sri Lanka vs Bangladesh,Sri Lanka,Taskin Ahmed,4,0,25,2,6.25,12,3,0,1,0
15,Sri Lanka vs Bangladesh,Sri Lanka,Mustafizur Rahman,4,0,17,3,4.25,14,2,0,1,0
15,Sri Lanka vs Bangladesh,Sri Lanka,Rishad Hossain,4,0,22,3,5.5,10,1,1,0,0
15,Sri Lanka vs Bangladesh,Sri Lanka,Mahmudullah,1,0,4,0,4,2,0,0,0,0
15,Sri Lanka vs Bangladesh,Bangladesh,Dhananjaya de Silva,2,0,11,1,5.5,3,0,0,1,0
15,Sri Lanka vs Bangladesh,Bangladesh,Nuwan Thushara,4,0,18,4,4.5,14,1,0,5,0
15,Sri Lanka vs Bangladesh,Bangladesh,Maheesh Theekshana,4,0,25,0,6.25,8,1,0,3,0
15,Sri Lanka vs Bangladesh,Bangladesh,Wanindu Hasaranga,4,0,32,2,8,12,0,4,0,0
15,Sri Lanka vs Bangladesh,Bangladesh,Matheesha Pathirana,4,0,27,1,6.75,11,1,1,2,0
15,Sri Lanka vs Bangladesh,Bangladesh,Dasun Shanaka,1,0,11,0,11,2,0,1,1,0
16,Netherlands vs South Africa,Netherlands,Marco Jansen,4,0,20,2,5,15,2,0,1,1
16,Netherlands vs South Africa,Netherlands,Kagiso Rabada,4,0,27,0,6.75,12,2,1,1,0
16,Netherlands vs South Africa,Netherlands,Ottneil Baartman,4,0,11,4,2.75,17,1,0,1,0
16,Netherlands vs South Africa,Netherlands,Anrich Nortje,4,0,19,2,4.75,14,0,1,1,1
16,Netherlands vs South Africa,Netherlands,Keshav Maharaj,4,0,24,0,6,6,1,0,1,0
16,Netherlands vs South Africa,South Africa,Vivian Kingma,4,1,12,2,3,18,0,0,1,0
16,Netherlands vs South Africa,South Africa,Logan van Beek,4,1,21,2,5.25,13,1,1,0,0
16,Netherlands vs South Africa,South Africa,Paul van Meekeren,4,1,13,0,3.25,17,1,0,1,0
16,Netherlands vs South Africa,South Africa,Bas de Leede,3.5,0,34,1,8.86,12,2,2,0,1
16,Netherlands vs South Africa,South Africa,Tim Pringle,2,0,14,0,7,4,0,1,0,0
16,Netherlands vs South Africa,South Africa,Vikramjit Singh,1,0,11,0,11,0,0,1,0,0
17,Australia vs England,Australia,Moeen Ali,2,0,18,1,9,6,2,1,0,0
17,Australia vs England,Australia,Will Jacks,1,0,22,0,22,1,0,3,0,0
17,Australia vs England,Australia,Jofra Archer,4,0,28,1,7,11,2,1,1,0
17,Australia vs England,Australia,Mark Wood,3,0,32,0,10.66,9,2,3,0,0
17,Australia vs England,Australia,Adil Rashid,4,0,41,1,10.25,7,4,2,1,0
17,Australia vs England,Australia,Chris Jordan,4,0,44,2,11,6,4,2,4,0
17,Australia vs England,Australia,Liam Livingstone,2,0,15,1,7.5,2,0,1,0,0
17,Australia vs England,England,Mitchell Starc,3,0,37,0,12.33,7,3,3,2,0
17,Australia vs England,England,Josh Hazlewood,4,0,28,1,7,10,4,0,0,0
17,Australia vs England,England,Pat Cummins,4,0,23,2,5.75,10,2,0,1,0
17,Australia vs England,England,Marcus Stoinis,3,0,24,1,8,6,3,0,2,0
17,Australia vs England,England,Adam Zampa,4,0,28,2,7,9,0,2,0,0
17,Australia vs England,England,Glenn Maxwell,2,0,22,0,11,5,0,3,0,0
18,West Indies vs Uganda,West Indies,Alpesh Ramjani,3,0,16,1,5.33,11,1,1,0,0
18,West Indies vs Uganda,West Indies,Cosmas Kyewuta,4,0,42,1,10.5,15,7,1,2,1
18,West Indies vs Uganda,West Indies,Juma Miyagi,3,0,29,0,9.66,6,3,1,0,1
18,West Indies vs Uganda,West Indies,Frank Nsubuga,3,0,29,0,9.66,4,1,2,0,1
18,West Indies vs Uganda,West Indies,Brian Masaba,4,0,31,2,7.75,10,1,2,2,0
18,West Indies vs Uganda,West Indies,Dinesh Nakrani,3,0,20,1,6.66,5,2,0,0,0
18,West Indies vs Uganda,Uganda,Akeal Hosein,4,0,11,5,2.75,19,2,0,0,0
18,West Indies vs Uganda,Uganda,Romario Shepherd,2,0,9,1,4.5,6,1,0,0,0
18,West Indies vs Uganda,Uganda,Andre Russell,1,0,4,1,4,4,0,0,1,0
18,West Indies vs Uganda,Uganda,Alzarri Joseph,3,0,6,2,2,14,0,0,1,0
18,West Indies vs Uganda,Uganda,Gudakesh Motie,2,0,6,1,3,8,0,0,0,0
19,India vs Pakistan,India,Shaheen Shah Afridi,4,0,29,1,7.25,14,1,2,1,0
19,India vs Pakistan,India,Naseem Shah,4,0,21,3,5.25,15,3,0,1,1
19,India vs Pakistan,India,Mohammad Amir,4,0,23,2,5.75,15,3,0,0,0
19,India vs Pakistan,India,Iftikhar Ahmed,1,0,7,0,7,3,1,0,1,0
19,India vs Pakistan,India,Imad Wasim,3,0,17,0,5.66,6,1,0,1,0
19,India vs Pakistan,India,Haris Rauf,3,0,21,3,7,10,4,0,0,0
19,India vs Pakistan,Pakistan,Arshdeep Singh,4,0,31,1,7.75,11,4,0,1,0
19,India vs Pakistan,Pakistan,Mohammed Siraj,4,0,19,0,4.75,11,1,0,1,1
19,India vs Pakistan,Pakistan,Jasprit Bumrah,4,0,14,3,3.5,15,1,0,0,0
19,India vs Pakistan,Pakistan,Hardik Pandya,4,0,24,2,6,11,1,1,1,0
19,India vs Pakistan,Pakistan,Ravindra Jadeja,2,0,10,0,5,5,1,0,0,0
19,India vs Pakistan,Pakistan,Axar Patel,2,0,11,1,5.5,6,0,1,0,0
20,Oman vs Scotland,Oman,Mark Watt,4,0,25,1,6.25,8,2,0,2,0
20,Oman vs Scotland,Oman,Brad Wheal,4,0,19,1,4.75,12,2,0,0,0
20,Oman vs Scotland,Oman,Chris Sole,4,0,41,1,10.25,7,2,3,0,0
20,Oman vs Scotland,Oman,Safyaan Sharif,4,0,40,2,10,6,6,0,0,0
20,Oman vs Scotland,Oman,Michael Leask,3,0,21,0,7,8,1,1,1,0
20,Oman vs Scotland,Oman,Chris Greaves,1,0,2,1,2,4,0,0,0,0
20,Oman vs Scotland,Scotland,Bilal Khan,2.1,0,12,1,5.53,8,2,0,0,0
20,Oman vs Scotland,Scotland,Shakeel Ahmed,2,0,23,0,11.5,5,2,2,0,0
20,Oman vs Scotland,Scotland,Kaleemullah,2,0,17,0,8.5,6,2,1,0,0
20,Oman vs Scotland,Scotland,Aqib Ilyas,3,0,41,1,13.66,6,4,3,0,0
20,Oman vs Scotland,Scotland,Mehran Khan,1,0,16,1,16,3,1,1,1,0
20,Oman vs Scotland,Scotland,Zeeshan Maqsood,2,0,22,0,11,4,2,1,0,0
20,Oman vs Scotland,Scotland,Ayaan Khan,1,0,20,0,20,1,0,3,0,0
21,South Africa vs Bangladesh,South Africa,Tanzim Hasan Sakib,4,0,18,3,4.5,17,1,1,2,0
21,South Africa vs Bangladesh,South Africa,Taskin Ahmed,4,0,19,2,4.75,14,1,1,0,0
21,South Africa vs Bangladesh,South Africa,Mustafizur Rahman,4,0,18,0,4.5,16,1,1,1,0
21,South Africa vs Bangladesh,South Africa,Rishad Hossain,4,0,32,1,8,10,2,2,0,0
21,South Africa vs Bangladesh,South Africa,Shakib Al Hasan,1,0,6,0,6,1,0,0,0,0
21,South Africa vs Bangladesh,South Africa,Mahmudullah,3,0,17,0,5.66,8,0,1,0,0
21,South Africa vs Bangladesh,Bangladesh,Marco Jansen,4,0,17,0,4.25,17,2,0,2,0
21,South Africa vs Bangladesh,Bangladesh,Kagiso Rabada,4,0,19,2,4.75,12,2,0,0,0
21,South Africa vs Bangladesh,Bangladesh,Ottneil Baartman,4,0,27,0,6.75,11,2,1,0,0
21,South Africa vs Bangladesh,Bangladesh,Keshav Maharaj,4,0,27,3,6.75,12,0,2,2,0
21,South Africa vs Bangladesh,Bangladesh,Anrich Nortje,4,0,17,2,4.25,14,1,0,1,1
22,Canada vs Pakistan,Canada,Shaheen Shah Afridi,4,0,21,1,5.25,16,2,1,1,0
22,Canada vs Pakistan,Canada,Naseem Shah,4,0,24,1,6,13,2,1,1,0
22,Canada vs Pakistan,Canada,Mohammad Amir,4,0,13,2,3.25,17,2,0,0,0
22,Canada vs Pakistan,Canada,Haris Rauf,4,0,26,2,6.5,14,1,1,3,0
22,Canada vs Pakistan,Canada,Imad Wasim,4,0,19,0,4.75,16,0,2,1,0
22,Canada vs Pakistan,Pakistan,Kaleem Sana,3,0,21,0,7,8,1,0,1,0
22,Canada vs Pakistan,Pakistan,Jeremy Gordon,3.3,0,17,1,4.85,11,1,0,1,0
22,Canada vs Pakistan,Pakistan,Dilon Heyliger,4,0,18,2,4.5,10,0,0,1,0
22,Canada vs Pakistan,Pakistan,Saad Bin Zafar,4,0,23,0,5.75,7,1,0,1,0
22,Canada vs Pakistan,Pakistan,Junaid Siddiqui,3,0,28,0,9.33,3,0,2,1,0
24,Namibia vs Australia,Namibia,Josh Hazlewood,4,0,18,2,4.5,16,2,0,1,0
24,Namibia vs Australia,Namibia,Marcus Stoinis,3,0,9,2,3,14,1,0,2,0
24,Namibia vs Australia,Namibia,Pat Cummins,3,1,16,1,5.33,11,1,1,0,0
24,Namibia vs Australia,Namibia,Adam Zampa,4,0,12,4,3,17,0,1,0,0
24,Namibia vs Australia,Namibia,Nathan Ellis,3,1,12,1,4,13,2,0,0,0
24,Namibia vs Australia,Australia,Ruben Trumpelmann,2,0,19,0,9.5,5,4,0,0,0
24,Namibia vs Australia,Australia,David Wiese,1,0,15,1,15,3,2,1,1,0
24,Namibia vs Australia,Australia,Ben Shikongo,1,0,19,0,19,1,3,1,0,0
24,Namibia vs Australia,Australia,Gerhard Erasmus,1,0,6,0,6,5,0,1,0,0
24,Namibia vs Australia,Australia,Jack Brassell,0.4,0,14,0,21,1,2,1,0,0
25,USA vs India,United States Of America,Arshdeep Singh,4,0,9,4,2.25,17,0,0,1,0
25,USA vs India,United States Of America,Mohammed Siraj,4,0,25,0,6.25,11,1,1,0,0
25,USA vs India,United States Of America,Jasprit Bumrah,4,0,25,0,6.25,14,1,1,1,0
25,USA vs India,United States Of America,Hardik Pandya,4,1,14,2,3.5,19,1,1,0,0
25,USA vs India,United States Of America,Shivam Dube,1,0,11,0,11,3,1,1,0,0
25,USA vs India,United States Of America,Axar Patel,3,0,25,1,8.33,5,0,2,1,0
25,USA vs India,India,Saurabh Netravalkar,4,0,18,2,4.5,13,0,1,0,0
25,USA vs India,India,Ali Khan,3.2,0,21,1,6.3,8,2,0,1,0
25,USA vs India,India,Jasdeep Singh,4,0,24,0,6,11,1,1,0,1
25,USA vs India,India,Shadley van Schalkwyk,4,0,25,0,6.25,8,1,1,0,0
25,USA vs India,India,Corey Anderson,3,0,17,0,5.66,8,0,1,1,0
26,West Indies vs New Zealand,West Indies,Trent Boult,4,1,16,3,4,15,2,0,0,0
26,West Indies vs New Zealand,West Indies,Tim Southee,4,0,21,2,5.25,14,2,1,0,0
26,West Indies vs New Zealand,West Indies,Lockie Ferguson,4,0,27,2,6.75,11,2,1,2,0
26,West Indies vs New Zealand,West Indies,James Neesham,4,0,27,1,6.75,9,0,2,1,0
26,West Indies vs New Zealand,West Indies,Glenn Phillips,1,0,9,0,9,2,0,1,0,0
26,West Indies vs New Zealand,West Indies,Mitchell Santner,2,0,27,1,13.5,4,2,2,0,0
26,West Indies vs New Zealand,West Indies,Daryl Mitchell,1,0,19,0,19,2,0,3,0,0
26,West Indies vs New Zealand,New Zealand,Akeal Hosein,4,0,21,1,5.25,11,1,1,0,0
26,West Indies vs New Zealand,New Zealand,Romario Shepherd,3,0,36,0,12,7,1,4,2,0
26,West Indies vs New Zealand,New Zealand,Andre Russell,4,0,30,1,7.5,11,2,2,0,0
26,West Indies vs New Zealand,New Zealand,Alzarri Joseph,4,0,19,4,4.75,13,2,0,0,0
26,West Indies vs New Zealand,New Zealand,Gudakesh Motie,4,0,25,3,6.25,11,1,1,0,0
26,West Indies vs New Zealand,New Zealand,Roston Chase,1,0,4,0,4,3,0,0,1,0
27,Bangladesh vs Netherlands,Bangladesh,Vivian Kingma,2,0,20,0,10,6,2,1,1,0
27,Bangladesh vs Netherlands,Bangladesh,Aryan Dutt,4,0,17,2,4.25,12,1,0,1,0
27,Bangladesh vs Netherlands,Bangladesh,Paul van Meekeren,4,0,15,2,3.75,13,1,0,0,0
27,Bangladesh vs Netherlands,Bangladesh,Logan van Beek,4,0,43,0,10.75,9,7,1,1,0
27,Bangladesh vs Netherlands,Bangladesh,Bas de Leede,3,0,31,0,10.33,5,5,0,0,0
27,Bangladesh vs Netherlands,Bangladesh,Tim Pringle,3,0,26,1,8.66,6,3,1,0,0
27,Bangladesh vs Netherlands,Netherlands,Mustafizur Rahman,4,0,12,1,3,17,1,0,1,0
27,Bangladesh vs Netherlands,Netherlands,Tanzim Hasan Sakib,3,0,23,1,7.66,9,4,0,0,0
27,Bangladesh vs Netherlands,Netherlands,Taskin Ahmed,4,0,30,2,7.5,13,3,2,0,0
27,Bangladesh vs Netherlands,Netherlands,Shakib Al Hasan,4,0,29,0,7.25,10,1,2,0,0
27,Bangladesh vs Netherlands,Netherlands,Rishad Hossain,4,0,33,3,8.25,11,2,2,0,0
27,Bangladesh vs Netherlands,Netherlands,Mahmudullah,1,0,6,1,6,3,1,0,0,0
28,Oman vs England,Oman,Reece Topley,3,0,12,0,4,11,0,1,0,0
28,Oman vs England,Oman,Jofra Archer,3.2,1,12,3,3.6,15,2,0,1,0
28,Oman vs England,Oman,Mark Wood,3,0,12,3,4,10,1,0,0,0
28,Oman vs England,Oman,Adil Rashid,4,0,11,4,2.75,20,1,0,3,0
28,Oman vs England,England,Bilal Khan,2,0,36,1,18,3,4,3,0,0
28,Oman vs England,England,Kaleemullah,1,0,10,1,10,4,2,0,0,1
28,Oman vs England,England,Fayyaz Butt,0.1,0,4,0,24,0,1,0,0,0
29,PNG vs Afghanistan,Papua New Guinea,Fazalhaq Farooqi,4,0,16,3,4,17,1,0,1,0
29,PNG vs Afghanistan,Papua New Guinea,Mohammad Nabi,1,0,9,0,9,1,1,0,0,0
29,PNG vs Afghanistan,Papua New Guinea,NaveenulHaq,2.5,0,4,2,1.41,14,0,0,1,0
29,PNG vs Afghanistan,Papua New Guinea,Rashid Khan,4,0,25,0,6.25,10,1,0,1,0
29,PNG vs Afghanistan,Papua New Guinea,Noor Ahmad,4,0,14,1,3.5,15,1,0,1,0
29,PNG vs Afghanistan,Papua New Guinea,Azmatullah Omarzai,2,1,5,0,2.5,10,1,0,0,0
29,PNG vs Afghanistan,Papua New Guinea,Karim Janat,2,0,10,0,5,7,1,0,1,0
29,PNG vs Afghanistan,Afghanistan,Alei Nao,4,0,26,1,6.5,14,0,2,3,0
29,PNG vs Afghanistan,Afghanistan,Semo Kamea,3,0,16,1,5.33,10,2,0,2,0
29,PNG vs Afghanistan,Afghanistan,Chad Soper,2.1,0,19,0,8.76,5,1,1,0,0
29,PNG vs Afghanistan,Afghanistan,Norman Vanua,3,0,18,1,6,7,2,0,0,0
29,PNG vs Afghanistan,Afghanistan,John Kariko,3,0,15,0,5,9,2,0,0,0
31,South Africa vs Nepal,South Africa,Sompal Kami,2,1,6,0,3,10,1,0,1,0
31,South Africa vs Nepal,South Africa,Dipendra Singh Airee,4,0,21,3,5.25,9,1,0,1,0
31,South Africa vs Nepal,South Africa,Karan KC,1,0,9,0,9,3,2,0,0,0
31,South Africa vs Nepal,South Africa,Kushal Malla,2,0,17,0,8.5,6,2,1,0,0
31,South Africa vs Nepal,South Africa,Sandeep Lamichhane,4,0,18,0,4.5,11,1,0,0,0
31,South Africa vs Nepal,South Africa,Kushal Bhurtel,4,0,19,4,4.75,12,0,1,1,0
31,South Africa vs Nepal,South Africa,Abinash Bohara,3,0,19,0,6.33,8,3,0,0,0
31,South Africa vs Nepal,Nepal,Marco Jansen,4,0,16,0,4,16,1,1,0,0
31,South Africa vs Nepal,Nepal,Kagiso Rabada,2,0,17,0,8.5,6,2,1,0,0
31,South Africa vs Nepal,Nepal,Ottneil Baartman,4,0,20,0,5,15,3,0,0,0
31,South Africa vs Nepal,Nepal,Anrich Nortje,4,0,27,1,6.75,15,3,1,3,0
31,South Africa vs Nepal,Nepal,Tabraiz Shamsi,4,0,19,4,4.75,12,0,1,1,0
31,South Africa vs Nepal,Nepal,Aiden Markram,2,0,8,1,4,4,0,0,0,0
32,Uganda vs New Zealand,Uganda,Trent Boult,4,1,7,2,1.75,20,1,0,0,0
32,Uganda vs New Zealand,Uganda,Tim Southee,4,1,4,3,1,20,0,0,0,0
32,Uganda vs New Zealand,Uganda,Mitchell Santner,3.4,0,8,2,2.18,17,0,0,3,0
32,Uganda vs New Zealand,Uganda,Lockie Ferguson,4,0,9,1,2.25,20,1,0,2,0
32,Uganda vs New Zealand,Uganda,Rachin Ravindra,3,1,9,2,3,12,1,0,0,0
32,Uganda vs New Zealand,New Zealand,Cosmas Kyewuta,2,0,13,0,6.5,6,1,0,2,1
32,Uganda vs New Zealand,New Zealand,Juma Miyagi,2.2,0,16,0,6.85,7,3,0,0,0
32,Uganda vs New Zealand,New Zealand,Riazat Ali Shah,1,0,10,1,10,3,1,0,4,0
34,England vs Namibia,England,David Wiese,2,0,6,1,3,9,1,0,0,0
34,England vs Namibia,England,Ruben Trumpelmann,2,0,31,2,15.5,3,2,3,1,0
34,England vs Namibia,England,Bernard Scholtz,2,0,24,1,12,4,1,2,0,0
34,England vs Namibia,England,Gerhard Erasmus,2,0,26,0,13,2,2,1,0,0
34,England vs Namibia,England,Jack Brassell,2,0,32,0,16,2,3,2,0,0
34,England vs Namibia,Namibia,Reece Topley,2,0,6,0,3,8,0,0,0,1
34,England vs Namibia,Namibia,Jofra Archer,2,0,15,1,7.5,7,1,1,1,0
34,England vs Namibia,Namibia,Sam Curran,2,0,13,0,6.5,5,2,0,0,0
34,England vs Namibia,Namibia,Chris Jordan,2,0,19,1,9.5,4,0,2,0,0
34,England vs Namibia,Namibia,Adil Rashid,2,0,29,0,14.5,3,1,3,1,0
35,Scotland vs Australia,Scotland,Ashton Agar,4,0,39,1,9.75,6,0,3,1,0
35,Scotland vs Australia,Scotland,Mitchell Starc,4,0,31,0,7.75,10,1,2,1,0
35,Scotland vs Australia,Scotland,Nathan Ellis,4,0,34,1,8.5,7,2,1,3,0
35,Scotland vs Australia,Scotland,Glenn Maxwell,4,0,44,2,11,8,2,4,1,0
35,Scotland vs Australia,Scotland,Adam Zampa,4,0,30,1,7.5,8,1,2,0,0
35,Scotland vs Australia,Australia,Michael Leask,4,0,39,0,9.75,8,2,3,0,0
35,Scotland vs Australia,Australia,Brad Wheal,3.4,1,28,1,7.63,12,4,1,0,0
35,Scotland vs Australia,Australia,Mark Watt,4,0,34,2,8.5,10,6,0,1,0
35,Scotland vs Australia,Australia,Chris Sole,3,0,33,0,11,4,3,1,1,0
35,Scotland vs Australia,Australia,Safyaan Sharif,4,0,42,2,10.5,8,2,3,3,0
35,Scotland vs Australia,Australia,Chris Greaves,1,0,4,0,4,2,0,0,0,0
36,Ireland vs Pakistan,Ireland,Shaheen Shah Afridi,4,0,22,3,5.5,16,3,0,1,0
36,Ireland vs Pakistan,Ireland,Mohammad Amir,4,1,11,2,2.75,20,2,0,0,0
36,Ireland vs Pakistan,Ireland,Haris Rauf,4,0,17,1,4.25,16,1,1,0,0
36,Ireland vs Pakistan,Ireland,Abbas Afridi,3,0,31,0,10.33,5,1,2,2,0
36,Ireland vs Pakistan,Ireland,Shadab Khan,1,0,11,0,11,3,1,1,0,0
36,Ireland vs Pakistan,Ireland,Imad Wasim,4,0,8,3,2,17,0,0,0,0
36,Ireland vs Pakistan,Pakistan,Mark Adair,4,0,24,1,6,14,1,1,1,0
36,Ireland vs Pakistan,Pakistan,Josh Little,3,0,17,0,5.66,11,3,0,0,0
36,Ireland vs Pakistan,Pakistan,Barry McCarthy,4,1,15,3,3.75,15,1,0,1,0
36,Ireland vs Pakistan,Pakistan,Ben White,2,0,11,1,5.5,5,1,0,0,0
36,Ireland vs Pakistan,Pakistan,Curtis Campher,4,0,24,2,6,12,2,1,0,0
36,Ireland vs Pakistan,Pakistan,Gareth Delany,1.5,0,19,0,10.36,3,0,2,1,0
37,Bangladesh vs Nepal,Bangladesh,Sompal Kami,3,0,10,2,3.33,12,1,0,0,0
37,Bangladesh vs Nepal,Bangladesh,Dipendra Singh Airee,3.3,0,22,2,6.28,11,3,0,0,0
37,Bangladesh vs Nepal,Bangladesh,Rohit Paudel,4,0,20,2,5,11,2,0,0,0
37,Bangladesh vs Nepal,Bangladesh,Sandeep Lamichhane,4,1,17,2,4.25,15,2,0,1,0
37,Bangladesh vs Nepal,Bangladesh,Kushal Bhurtel,4,0,22,0,5.5,12,1,1,2,0
37,Bangladesh vs Nepal,Bangladesh,Abinash Bohara,1,0,10,0,10,3,1,0,2,0
37,Bangladesh vs Nepal,Nepal,Tanzim Hasan Sakib,4,2,7,4,1.75,21,1,0,1,0
37,Bangladesh vs Nepal,Nepal,Taskin Ahmed,4,0,29,1,7.25,13,4,1,1,0
37,Bangladesh vs Nepal,Nepal,Mustafizur Rahman,4,1,7,3,1.75,20,1,0,0,0
37,Bangladesh vs Nepal,Nepal,Rishad Hossain,3,0,15,0,5,13,1,0,1,0
37,Bangladesh vs Nepal,Nepal,Shakib Al Hasan,2.2,0,9,2,3.85,7,0,0,0,0
37,Bangladesh vs Nepal,Nepal,Mahmudullah,2,0,15,0,7.5,6,1,1,0,0
38,Sri Lanka vs Netherlands,Sri Lanka,Vivian Kingma,3,0,23,1,7.66,9,3,0,3,0
38,Sri Lanka vs Netherlands,Sri Lanka,Aryan Dutt,3,0,23,1,7.66,5,1,1,1,0
38,Sri Lanka vs Netherlands,Sri Lanka,Logan van Beek,4,0,45,2,11.25,8,1,4,2,0
38,Sri Lanka vs Netherlands,Sri Lanka,Paul van Meekeren,3,0,37,1,12.33,4,3,2,2,0
38,Sri Lanka vs Netherlands,Sri Lanka,Tim Pringle,4,0,41,1,10.25,3,3,2,0,0
38,Sri Lanka vs Netherlands,Sri Lanka,Bas de Leede,3,0,32,0,10.66,5,1,2,0,0
38,Sri Lanka vs Netherlands,Netherlands,Angelo Mathews,2,0,20,0,10,7,0,2,1,1
38,Sri Lanka vs Netherlands,Netherlands,Nuwan Thushara,3.4,0,24,3,6.54,11,2,1,2,0
38,Sri Lanka vs Netherlands,Netherlands,Maheesh Theekshana,3,0,25,1,8.33,7,1,2,1,0
38,Sri Lanka vs Netherlands,Netherlands,Wanindu Hasaranga,4,0,25,2,6.25,10,1,1,0,0
38,Sri Lanka vs Netherlands,Netherlands,Dasun Shanaka,1,0,10,1,10,1,1,0,0,0
38,Sri Lanka vs Netherlands,Netherlands,Matheesha Pathirana,3,0,12,2,4,10,0,0,1,0
39,PNG vs New Zealand,Papua New Guinea,Trent Boult,4,0,14,2,3.5,16,2,0,0,0
39,PNG vs New Zealand,Papua New Guinea,Tim Southee,4,0,11,2,2.75,18,1,0,2,0
39,PNG vs New Zealand,Papua New Guinea,Lockie Ferguson,4,4,0,3,0,24,0,0,0,0
39,PNG vs New Zealand,Papua New Guinea,Ish Sodhi,3.4,0,29,2,7.9,9,3,1,1,0
39,PNG vs New Zealand,Papua New Guinea,Mitchell Santner,4,0,17,1,4.25,14,1,0,1,0
39,PNG vs New Zealand,New Zealand,Kabua Morea,2.2,0,4,2,1.71,11,0,0,0,0
39,PNG vs New Zealand,New Zealand,Alei Nao,3,0,22,0,7.33,9,1,2,0,0
39,PNG vs New Zealand,New Zealand,Assad Vala,1,0,4,0,4,2,0,0,0,0
39,PNG vs New Zealand,New Zealand,Charles Amini,1,0,5,0,5,1,0,0,0,0
39,PNG vs New Zealand,New Zealand,Semo Kamea,3,0,23,1,7.66,8,4,0,0,0
39,PNG vs New Zealand,New Zealand,Chad Soper,1,0,14,0,14,2,1,1,0,0
39,PNG vs New Zealand,New Zealand,Norman Vanua,1,0,6,0,6,3,1,0,0,0
40,West Indies vs Afghanistan,West Indies,Fazalhaq Farooqi,3,0,38,0,12.66,4,5,1,1,1
40,West Indies vs Afghanistan,West Indies,Azmatullah Omarzai,2,0,41,1,20.5,5,4,3,1,1
40,West Indies vs Afghanistan,West Indies,Rashid Khan,4,0,45,0,11.25,5,3,3,1,0
40,West Indies vs Afghanistan,West Indies,NaveenulHaq,4,0,41,1,10.25,10,4,2,2,0
40,West Indies vs Afghanistan,West Indies,Noor Ahmad,4,0,20,0,5,6,0,0,0,0
40,West Indies vs Afghanistan,West Indies,Mohammad Nabi,1,0,15,0,15,2,0,2,0,0
40,West Indies vs Afghanistan,West Indies,Gulbadin Naib,2,0,14,2,7,4,0,1,0,0
40,West Indies vs Afghanistan,Afghanistan,Akeal Hosein,4,1,21,2,5.25,14,3,0,1,0
40,West Indies vs Afghanistan,Afghanistan,Andre Russell,2.2,0,17,1,7.28,6,1,1,0,0
40,West Indies vs Afghanistan,Afghanistan,Alzarri Joseph,3,0,30,1,10,7,4,1,1,0
40,West Indies vs Afghanistan,Afghanistan,Gudakesh Motie,4,0,28,2,7,12,1,2,0,0
40,West Indies vs Afghanistan,Afghanistan,Obed McCoy,3,0,14,3,4.66,9,1,0,0,0
41,South Africa vs USA,South Africa,Saurabh Netravalkar,4,0,21,2,5.25,12,2,0,0,0
41,South Africa vs USA,South Africa,Ali Khan,4,0,45,0,11.25,7,1,4,2,0
41,South Africa vs USA,South Africa,Jasdeep Singh,2,0,36,0,18,2,2,3,2,1
41,South Africa vs USA,South Africa,Nosthush Kenjige,3,0,29,0,9.66,2,2,1,0,0
41,South Africa vs USA,South Africa,Harmeet Singh,4,0,24,2,6,8,2,0,0,1
41,South Africa vs USA,South Africa,Steven Taylor,2,0,21,0,10.5,3,2,1,0,0
41,South Africa vs USA,South Africa,Corey Anderson,1,0,17,0,17,0,2,1,0,0
41,South Africa vs USA,United States Of America,Marco Jansen,3,0,32,0,10.66,9,3,2,2,0
41,South Africa vs USA,United States Of America,Aiden Markram,1,0,13,0,13,2,1,1,0,0
41,South Africa vs USA,United States Of America,Kagiso Rabada,4,0,18,3,4.5,14,2,0,1,1
41,South Africa vs USA,United States Of America,Keshav Maharaj,4,0,24,1,6,7,0,1,0,0
41,South Africa vs USA,United States Of America,Anrich Nortje,4,0,37,1,9.25,10,2,3,1,0
41,South Africa vs USA,United States Of America,Tabraiz Shamsi,4,0,50,1,12.5,5,3,4,2,0
42,West Indies vs England,West Indies,Reece Topley,3,0,26,0,8.66,8,2,1,4,0
42,West Indies vs England,West Indies,Mark Wood,3,0,36,0,12,7,3,2,4,0
42,West Indies vs England,West Indies,Jofra Archer,4,0,34,1,8.5,12,5,1,1,0
42,West Indies vs England,West Indies,Sam Curran,3,0,25,0,8.33,9,3,1,0,0
42,West Indies vs England,West Indies,Adil Rashid,4,0,21,1,5.25,10,0,1,1,0
42,West Indies vs England,West Indies,Moeen Ali,2,0,15,1,7.5,3,0,1,0,0
42,West Indies vs England,West Indies,Liam Livingstone,1,0,20,1,20,2,0,3,0,0
42,West Indies vs England,England,Akeal Hosein,4,0,35,0,8.75,9,4,1,1,0
42,West Indies vs England,England,Romario Shepherd,2,0,41,0,20.5,2,5,3,1,0
42,West Indies vs England,England,Andre Russell,2,0,21,1,10.5,2,0,1,2,0
42,West Indies vs England,England,Alzarri Joseph,2.3,0,32,0,12.8,2,2,2,0,0
42,West Indies vs England,England,Gudakesh Motie,4,0,32,0,8,8,4,0,0,0
42,West Indies vs England,England,Roston Chase,3,0,19,1,6.33,6,1,0,2,0
43,India vs Afghanistan,India,Fazalhaq Farooqi,4,0,33,3,8.25,12,4,1,2,0
43,India vs Afghanistan,India,Mohammad Nabi,3,0,24,0,8,7,3,0,0,0
43,India vs Afghanistan,India,NaveenulHaq,4,0,40,1,10,9,3,2,3,0
43,India vs Afghanistan,India,Rashid Khan,4,0,26,3,6.5,13,3,1,0,0
43,India vs Afghanistan,India,Noor Ahmad,3,0,30,0,10,4,1,2,1,0
43,India vs Afghanistan,India,Azmatullah Omarzai,2,0,23,0,11.5,3,2,1,1,0
43,India vs Afghanistan,Afghanistan,Arshdeep Singh,4,0,36,3,9,12,3,2,5,0
43,India vs Afghanistan,Afghanistan,Jasprit Bumrah,4,1,7,3,1.75,20,1,0,0,0
43,India vs Afghanistan,Afghanistan,Axar Patel,3,1,15,1,5,11,0,1,0,0
43,India vs Afghanistan,Afghanistan,Hardik Pandya,2,0,13,0,6.5,8,1,1,1,0
43,India vs Afghanistan,Afghanistan,Kuldeep Yadav,4,0,32,2,8,11,2,2,1,1
43,India vs Afghanistan,Afghanistan,Ravindra Jadeja,3,0,20,1,6.66,4,0,1,0,0
44,Bangladesh vs Australia,Bangladesh,Mitchell Starc,4,0,21,1,5.25,15,3,0,2,0
44,Bangladesh vs Australia,Bangladesh,Josh Hazlewood,4,1,25,0,6.25,12,1,1,1,0
44,Bangladesh vs Australia,Bangladesh,Pat Cummins,4,0,29,3,7.25,8,1,0,3,0
44,Bangladesh vs Australia,Bangladesh,Adam Zampa,4,0,24,2,6,10,3,0,0,0
44,Bangladesh vs Australia,Bangladesh,Marcus Stoinis,2,0,24,1,12,3,1,2,1,0
44,Bangladesh vs Australia,Bangladesh,Glenn Maxwell,2,0,14,1,7,3,1,0,0,0
44,Bangladesh vs Australia,Australia,Mahedi Hasan,4,0,22,0,5.5,15,1,2,0,0
44,Bangladesh vs Australia,Australia,Tanzim Hasan Sakib,1,0,9,0,9,2,1,0,0,0
44,Bangladesh vs Australia,Australia,Taskin Ahmed,1.2,0,22,0,16.5,2,2,2,0,0
44,Bangladesh vs Australia,Australia,Mustafizur Rahman,2,0,23,0,11.5,3,3,1,0,0
44,Bangladesh vs Australia,Australia,Rishad Hossain,3,0,23,2,7.66,7,2,1,0,0
45,South Africa vs England,South Africa,Reece Topley,4,0,23,0,5.75,8,1,0,2,0
45,South Africa vs England,South Africa,Moeen Ali,3,0,25,1,8.33,6,2,1,0,0
45,South Africa vs England,South Africa,Jofra Archer,4,0,40,3,10,10,3,3,1,0
45,South Africa vs England,South Africa,Sam Curran,3,0,29,0,9.66,7,1,2,1,0
45,South Africa vs England,South Africa,Adil Rashid,4,0,20,1,5,9,1,0,0,0
45,South Africa vs England,South Africa,Mark Wood,2,0,22,0,11,4,4,0,2,0
45,South Africa vs England,England,Marco Jansen,4,0,31,0,7.75,9,2,1,0,1
45,South Africa vs England,England,Kagiso Rabada,4,0,32,2,8,9,3,1,2,0
45,South Africa vs England,England,Keshav Maharaj,4,0,25,2,6.25,9,2,0,0,0
45,South Africa vs England,England,Ottneil Baartman,3,0,27,1,9,7,3,1,0,0
45,South Africa vs England,England,Anrich Nortje,4,0,35,1,8.75,4,4,0,1,0
45,South Africa vs England,England,Aiden Markram,1,0,4,0,4,2,0,0,0,0
46,West Indies vs USA,United States Of America,Akeal Hosein,3,0,13,0,4.33,8,1,0,0,0
46,West Indies vs USA,United States Of America,Andre Russell,3.5,0,31,3,8.08,13,3,1,3,0
46,West Indies vs USA,United States Of America,Obed McCoy,2,0,20,0,10,4,3,0,1,0
46,West Indies vs USA,United States Of America,Alzarri Joseph,4,0,31,2,7.75,9,1,2,1,1
46,West Indies vs USA,United States Of America,Gudakesh Motie,3,0,14,1,4.66,9,1,0,0,0
46,West Indies vs USA,United States Of America,Roston Chase,4,0,19,3,4.75,9,1,0,1,0
46,West Indies vs USA,West Indies,Saurabh Netravalkar,2.5,0,31,0,10.94,7,2,3,0,0
46,West Indies vs USA,West Indies,Nosthush Kenjige,1,0,11,0,11,1,0,1,0,0
46,West Indies vs USA,West Indies,Ali Khan,2,0,18,0,9,5,1,1,2,0
46,West Indies vs USA,West Indies,Harmeet Singh,2,0,18,1,9,4,1,1,0,0
46,West Indies vs USA,West Indies,Shadley van Schalkwyk,2,0,29,0,14.5,3,3,2,1,0
46,West Indies vs USA,West Indies,Milind Kumar,1,0,22,0,22,1,0,3,1,0
47,India vs Bangladesh,India,Mahedi Hasan,4,0,28,0,7,9,2,1,0,0
47,India vs Bangladesh,India,Shakib Al Hasan,3,0,37,1,12.33,5,2,3,1,0
47,India vs Bangladesh,India,Tanzim Hasan Sakib,4,0,32,2,8,11,1,3,1,0
47,India vs Bangladesh,India,Mustafizur Rahman,4,0,48,0,12,6,5,2,1,1
47,India vs Bangladesh,India,Rishad Hossain,3,0,43,2,14.33,4,2,4,2,0
47,India vs Bangladesh,India,Mahmudullah,2,0,8,0,4,5,0,0,1,0
47,India vs Bangladesh,Bangladesh,Arshdeep Singh,4,0,30,2,7.5,12,4,1,1,0
47,India vs Bangladesh,Bangladesh,Jasprit Bumrah,4,0,13,2,3.25,15,1,0,0,0
47,India vs Bangladesh,Bangladesh,Axar Patel,2,0,26,0,13,2,2,2,0,0
47,India vs Bangladesh,Bangladesh,Hardik Pandya,3,0,32,1,10.66,6,1,3,2,0
47,India vs Bangladesh,Bangladesh,Ravindra Jadeja,3,0,24,0,8,5,2,1,0,0
47,India vs Bangladesh,Bangladesh,Kuldeep Yadav,4,0,19,3,4.75,11,0,1,0,0
48,Afghanistan vs Australia,Afghanistan,Ashton Agar,4,1,17,0,4.25,15,1,0,0,0
48,Afghanistan vs Australia,Afghanistan,Josh Hazlewood,4,0,39,0,9.75,10,4,2,1,0
48,Afghanistan vs Australia,Afghanistan,Pat Cummins,4,0,28,3,7,13,3,1,1,0
48,Afghanistan vs Australia,Afghanistan,Adam Zampa,4,0,28,2,7,9,2,1,1,0
48,Afghanistan vs Australia,Afghanistan,Glenn Maxwell,2,0,12,0,6,5,1,0,1,0
48,Afghanistan vs Australia,Afghanistan,Marcus Stoinis,2,0,19,1,9.5,4,1,1,0,0
48,Afghanistan vs Australia,Australia,NaveenulHaq,4,0,20,3,5,12,2,0,0,0
48,Afghanistan vs Australia,Australia,Fazalhaq Farooqi,3,0,21,0,7,8,2,0,0,1
48,Afghanistan vs Australia,Australia,Azmatullah Omarzai,1.2,0,10,1,7.5,5,2,0,0,0
48,Afghanistan vs Australia,Australia,Mohammad Nabi,1,0,1,1,1,5,0,0,0,0
48,Afghanistan vs Australia,Australia,Nangeyalia Kharote,1,0,13,0,13,1,1,1,0,0
48,Afghanistan vs Australia,Australia,Rashid Khan,4,0,23,1,5.75,11,1,1,2,0
48,Afghanistan vs Australia,Australia,Noor Ahmad,1,0,11,0,11,3,1,0,1,0
48,Afghanistan vs Australia,Australia,Gulbadin Naib,4,0,20,4,5,13,1,1,0,0
49,USA vs England,United States Of America,Reece Topley,3,0,29,1,9.66,8,2,2,0,0
49,USA vs England,United States Of America,Jofra Archer,3,0,16,0,5.33,12,1,1,0,0
49,USA vs England,United States Of America,Sam Curran,2,0,23,2,11.5,4,3,1,0,0
49,USA vs England,United States Of America,Adil Rashid,4,0,13,2,3.25,13,0,0,1,0
49,USA vs England,United States Of America,Liam Livingstone,4,0,24,1,6,10,1,1,0,0
49,USA vs England,United States Of America,Chris Jordan,2.5,0,10,4,3.52,8,0,0,0,0
49,USA vs England,England,Saurabh Netravalkar,2,0,21,0,10.5,5,1,2,0,0
49,USA vs England,England,Harmeet Singh,2,0,36,0,18,3,0,5,2,0
49,USA vs England,England,Nosthush Kenjige,2,0,19,0,9.5,3,3,0,0,0
49,USA vs England,England,Ali Khan,2,0,26,0,13,2,2,0,2,0
49,USA vs England,England,Shadley van Schalkwyk,1.4,0,15,0,9,2,2,0,0,1
50,West Indies vs South Africa,West Indies,Marco Jansen,2,0,17,1,8.5,6,2,0,4,0
50,West Indies vs South Africa,West Indies,Aiden Markram,4,0,28,1,7,11,1,2,2,0
50,West Indies vs South Africa,West Indies,Keshav Maharaj,4,0,24,1,6,10,1,1,0,0
50,West Indies vs South Africa,West Indies,Anrich Nortje,4,0,26,0,6.5,13,1,2,2,0
50,West Indies vs South Africa,West Indies,Tabraiz Shamsi,4,0,27,3,6.75,11,3,1,0,0
50,West Indies vs South Africa,West Indies,Kagiso Rabada,2,0,11,1,5.5,7,0,1,0,0
50,West Indies vs South Africa,South Africa,Akeal Hosein,3,0,31,0,10.33,6,6,0,0,0
50,West Indies vs South Africa,South Africa,Andre Russell,4,0,19,2,4.75,13,2,0,1,0
50,West Indies vs South Africa,South Africa,Alzarri Joseph,4,0,25,2,6.25,9,1,0,1,0
50,West Indies vs South Africa,South Africa,Gudakesh Motie,1,0,20,0,20,0,3,1,0,0
50,West Indies vs South Africa,South Africa,Obed McCoy,1.1,0,15,0,12.85,3,1,1,3,0
50,West Indies vs South Africa,South Africa,Roston Chase,3,0,12,3,4,10,1,0,0,0
51,India vs Australia,India,Mitchell Starc,4,0,45,2,11.25,12,4,4,1,0
51,India vs Australia,India,Josh Hazlewood,4,0,14,1,3.5,13,1,0,0,0
51,India vs Australia,India,Pat Cummins,4,0,48,0,12,5,4,3,0,0
51,India vs Australia,India,Adam Zampa,4,0,41,0,10.25,2,1,3,0,0
51,India vs Australia,India,Marcus Stoinis,4,0,56,2,14,6,4,5,1,0
51,India vs Australia,Australia,Arshdeep Singh,4,0,37,3,9.25,12,4,2,2,0
51,India vs Australia,Australia,Jasprit Bumrah,4,0,29,1,7.25,11,3,1,0,0
51,India vs Australia,Australia,Axar Patel,3,0,21,1,7,9,2,1,0,0
51,India vs Australia,Australia,Hardik Pandya,4,0,47,0,11.75,8,4,3,1,0
51,India vs Australia,Australia,Kuldeep Yadav,4,0,24,2,6,9,1,1,0,0
51,India vs Australia,Australia,Ravindra Jadeja,1,0,17,0,17,0,2,1,0,0
52,Afghanistan vs Bangladesh,Afghanistan,Tanzim Hasan Sakib,4,0,36,0,9,9,1,2,1,0
52,Afghanistan vs Bangladesh,Afghanistan,Taskin Ahmed,4,1,12,1,3,19,0,1,0,0
52,Afghanistan vs Bangladesh,Afghanistan,Shakib Al Hasan,4,0,19,0,4.75,11,0,1,0,0
52,Afghanistan vs Bangladesh,Afghanistan,Mustafizur Rahman,4,0,17,1,4.25,14,2,0,0,0
52,Afghanistan vs Bangladesh,Afghanistan,Rishad Hossain,4,0,26,3,6.5,13,3,0,1,0
52,Afghanistan vs Bangladesh,Bangladesh,NaveenulHaq,3.5,0,26,4,6.78,12,3,1,0,0
52,Afghanistan vs Bangladesh,Bangladesh,Fazalhaq Farooqi,2,0,15,1,7.5,3,1,0,2,0
52,Afghanistan vs Bangladesh,Bangladesh,Mohammad Nabi,2,0,15,0,7.5,5,2,0,0,0
52,Afghanistan vs Bangladesh,Bangladesh,Rashid Khan,4,0,23,4,5.75,9,2,0,1,0
52,Afghanistan vs Bangladesh,Bangladesh,Noor Ahmad,4,0,13,0,3.25,18,2,0,0,0
52,Afghanistan vs Bangladesh,Bangladesh,Gulbadin Naib,2,0,5,1,2.5,7,0,0,0,0
53,Afghanistan vs South Africa,Afghanistan,Marco Jansen,3,0,16,3,5.33,13,2,0,4,0
53,Afghanistan vs South Africa,Afghanistan,Keshav Maharaj,1,0,6,0,6,3,1,0,0,0
53,Afghanistan vs South Africa,Afghanistan,Kagiso Rabada,3,1,14,2,4.66,13,3,0,0,0
53,Afghanistan vs South Africa,Afghanistan,Anrich Nortje,3,0,7,2,2.33,14,0,0,1,0
53,Afghanistan vs South Africa,Afghanistan,Tabraiz Shamsi,1.5,0,6,3,3.27,9,1,0,1,0
53,Afghanistan vs South Africa,South Africa,NaveenulHaq,3,0,15,0,5,12,2,0,1,0
53,Afghanistan vs South Africa,South Africa,Fazalhaq Farooqi,2,0,11,1,5.5,9,2,0,1,0
53,Afghanistan vs South Africa,South Africa,Rashid Khan,1,0,8,0,8,2,1,0,0,0
53,Afghanistan vs South Africa,South Africa,Azmatullah Omarzai,1.5,0,18,0,9.81,6,2,1,0,1
53,Afghanistan vs South Africa,South Africa,Gulbadin Naib,1,0,8,0,8,2,1,0,0,0
54,India vs England,India,Reece Topley,3,0,25,1,8.33,8,3,1,0,0
54,India vs England,India,Jofra Archer,4,0,33,1,8.25,7,4,0,0,0
54,India vs England,India,Sam Curran,2,0,25,1,12.5,3,2,2,0,0
54,India vs England,India,Adil Rashid,4,0,25,1,6.25,9,3,0,0,0
54,India vs England,India,Chris Jordan,3,0,37,3,12.33,4,0,4,0,0
54,India vs England,India,Liam Livingstone,4,0,24,0,6,9,1,1,1,0
54,India vs England,England,Arshdeep Singh,2,0,17,0,8.5,5,3,0,0,0
54,India vs England,England,Jasprit Bumrah,2.4,0,12,2,4.5,8,1,0,0,0
54,India vs England,England,Axar Patel,4,0,23,3,5.75,10,0,1,0,0
54,India vs England,England,Kuldeep Yadav,4,0,19,3,4.75,12,2,0,0,0
54,India vs England,England,Ravindra Jadeja,3,0,16,0,5.33,6,1,0,0,0
54,India vs England,England,Hardik Pandya,1,0,14,0,14,1,1,1,0,0
55,India vs South Africa,India,Marco Jansen,4,0,49,1,12.25,4,5,2,1,1
55,India vs South Africa,India,Keshav Maharaj,3,0,23,2,7.66,10,3,1,0,0
55,India vs South Africa,India,Kagiso Rabada,4,0,36,1,9,8,2,2,2,0
55,India vs South Africa,India,Aiden Markram,2,0,16,0,8,1,0,1,0,0
55,India vs South Africa,India,Anrich Nortje,4,0,26,2,6.5,7,2,0,2,0
55,India vs South Africa,India,Tabraiz Shamsi,3,0,26,0,8.66,4,1,1,1,0
55,India vs South Africa,South Africa,Arshdeep Singh,4,0,20,2,5,12,2,0,0,0
55,India vs South Africa,South Africa,Jasprit Bumrah,4,0,18,2,4.5,14,2,0,0,0
55,India vs South Africa,South Africa,Axar Patel,4,0,49,1,12.25,8,5,3,2,0
55,India vs South Africa,South Africa,Kuldeep Yadav,4,0,45,0,11.25,6,3,3,0,0
55,India vs South Africa,South Africa,Hardik Pandya,3,0,20,3,6.66,9,1,1,1,1
55,India vs South Africa,South Africa,Ravindra Jadeja,1,0,12,0,12,0,0,1,0,0
